Account Name,Account ID,Asset,Asset Name,Total Balance,Total Balance - Last Update,HD Path
Vault_LTHYOC8,58,BTC,Bitcoin,0,2026-04-06T09:26:48.038Z,m / 44 / 0 / 58
Vault_LTHYOC8,58,ETH,Ethereum,0,2026-04-06T09:26:51.482Z,m / 44 / 60 / 58
Vault_LTHYOC8,58,USDT_ERC20,Tether USD (Ethereum),0,2026-04-06T09:26:55.265Z,m / 44 / 60 / 58
Vault_LTHYOC8,58,TRX,Tron,0,2026-04-06T09:26:58.544Z,m / 44 / 195 / 58
Vault_LTHYOC8,58,TRX_USDT_S2UZ,USD Tether (Tron),0,2026-04-06T09:26:58.881Z,m / 44 / 195 / 58
Vault_LTGQFOS,57,BTC,Bitcoin,0,2026-04-04T17:06:54.205Z,m / 44 / 0 / 57
Vault_LTGQFOS,57,ETH,Ethereum,0,2026-04-04T17:06:57.272Z,m / 44 / 60 / 57
Vault_LTGQFOS,57,USDT_ERC20,Tether USD (Ethereum),0,2026-04-04T17:07:00.248Z,m / 44 / 60 / 57
Vault_LTGQFOS,57,TRX,Tron,0,2026-04-04T17:07:03.271Z,m / 44 / 195 / 57
Vault_LTGQFOS,57,TRX_USDT_S2UZ,USD Tether (Tron),0,2026-04-04T17:07:03.521Z,m / 44 / 195 / 57
Vault_LTMKY9F,56,BTC,Bitcoin,0,2026-04-04T15:31:54.497Z,m / 44 / 0 / 56
Vault_LTMKY9F,56,ETH,Ethereum,0,2026-04-04T15:31:57.744Z,m / 44 / 60 / 56
Vault_LTMKY9F,56,USDT_ERC20,Tether USD (Ethereum),0,2026-04-04T15:32:01.019Z,m / 44 / 60 / 56
Vault_LTMKY9F,56,TRX,Tron,0,2026-04-04T15:32:03.926Z,m / 44 / 195 / 56
Vault_LTMKY9F,56,TRX_USDT_S2UZ,USD Tether (Tron),0,2026-04-04T15:32:04.212Z,m / 44 / 195 / 56
Vault_LTXH5CF,55,BTC,Bitcoin,0,2026-04-04T06:55:02.198Z,m / 44 / 0 / 55
Vault_LTXH5CF,55,ETH,Ethereum,0,2026-04-04T06:55:04.119Z,m / 44 / 60 / 55
Vault_LTXH5CF,55,USDT_ERC20,Tether USD (Ethereum),0,2026-04-04T06:55:06.624Z,m / 44 / 60 / 55
Vault_LTXH5CF,55,TRX,Tron,0,2026-04-04T06:55:10.200Z,m / 44 / 195 / 55
Vault_LTXH5CF,55,TRX_USDT_S2UZ,USD Tether (Tron),0,2026-04-04T06:55:10.392Z,m / 44 / 195 / 55
Vault_LTAJRR4,54,BTC,Bitcoin,0,2026-04-04T06:46:49.329Z,m / 44 / 0 / 54
Vault_LTAJRR4,54,ETH,Ethereum,0,2026-04-04T06:46:52.677Z,m / 44 / 60 / 54
Vault_LTAJRR4,54,USDT_ERC20,Tether USD (Ethereum),0,2026-04-04T06:46:55.557Z,m / 44 / 60 / 54
Vault_LTAJRR4,54,TRX,Tron,0,2026-04-04T06:46:58.328Z,m / 44 / 195 / 54
Vault_LTAJRR4,54,TRX_USDT_S2UZ,USD Tether (Tron),0,2026-04-04T06:46:58.539Z,m / 44 / 195 / 54
Vault_LT3YKJP,53,BTC,Bitcoin,0,2026-04-04T06:42:38.482Z,m / 44 / 0 / 53
Vault_LT3YKJP,53,ETH,Ethereum,0,2026-04-04T06:42:41.692Z,m / 44 / 60 / 53
Vault_LT3YKJP,53,USDT_ERC20,Tether USD (Ethereum),0,2026-04-04T06:42:44.773Z,m / 44 / 60 / 53
Vault_LT3YKJP,53,TRX,Tron,0,2026-04-04T06:42:47.633Z,m / 44 / 195 / 53
Vault_LT3YKJP,53,TRX_USDT_S2UZ,USD Tether (Tron),0,2026-04-04T06:42:47.823Z,m / 44 / 195 / 53
Vault_LTKDO5E,52,BTC,Bitcoin,0,2026-04-04T06:37:25.631Z,m / 44 / 0 / 52
Vault_LTKDO5E,52,ETH,Ethereum,0,2026-04-04T06:37:28.765Z,m / 44 / 60 / 52
Vault_LTKDO5E,52,USDT_ERC20,Tether USD (Ethereum),0,2026-04-04T06:37:31.890Z,m / 44 / 60 / 52
Vault_LTKDO5E,52,TRX,Tron,0,2026-04-04T06:37:34.815Z,m / 44 / 195 / 52
Vault_LTKDO5E,52,TRX_USDT_S2UZ,USD Tether (Tron),0,2026-04-04T06:37:35.167Z,m / 44 / 195 / 52
Vault_LTJ470S,51,BTC,Bitcoin,0,2026-04-04T06:34:13.264Z,m / 44 / 0 / 51
Vault_LTJ470S,51,ETH,Ethereum,0,2026-04-04T06:34:16.503Z,m / 44 / 60 / 51
Vault_LTJ470S,51,USDT_ERC20,Tether USD (Ethereum),0,2026-04-04T06:34:19.600Z,m / 44 / 60 / 51
Vault_LTJ470S,51,TRX,Tron,0,2026-04-04T06:34:22.950Z,m / 44 / 195 / 51
Vault_LTJ470S,51,TRX_USDT_S2UZ,USD Tether (Tron),0,2026-04-04T06:34:22.976Z,m / 44 / 195 / 51
Vault_LTRA1QT,50,USDT_ERC20,Tether USD (Ethereum),2,2026-04-03T09:52:55.839Z,m / 44 / 60 / 50
Vault_LTRA1QT,50,ETH,Ethereum,0,2026-04-03T09:52:40.237Z,m / 44 / 60 / 50
Vault_LMBN9965P2,49,ETH,Ethereum,0,2026-04-02T16:58:13.630Z,m / 44 / 60 / 49
Vault_LT2HNZ6,48,BTC,Bitcoin,0,2026-04-02T16:38:45.559Z,m / 44 / 0 / 48
Vault_LT2HNZ6,48,ETH,Ethereum,0,2026-04-02T16:38:48.719Z,m / 44 / 60 / 48
Vault_LT2HNZ6,48,USDT_ERC20,Tether USD (Ethereum),0,2026-04-02T16:38:51.974Z,m / 44 / 60 / 48
Vault_LT2HNZ6,48,TRX,Tron,0,2026-04-02T16:38:59.304Z,m / 44 / 195 / 48
Vault_LT2HNZ6,48,TRX_USDT_S2UZ,USD Tether (Tron),0,2026-04-02T16:38:59.274Z,m / 44 / 195 / 48
Vault_LTDGEZA,47,BTC,Bitcoin,0,2026-04-02T16:38:17.595Z,m / 44 / 0 / 47
Vault_LTDGEZA,47,ETH,Ethereum,0,2026-04-02T16:38:20.792Z,m / 44 / 60 / 47
Vault_LTDGEZA,47,USDT_ERC20,Tether USD (Ethereum),0,2026-04-02T16:38:23.766Z,m / 44 / 60 / 47
Vault_LTDGEZA,47,TRX,Tron,0,2026-04-02T16:38:27.012Z,m / 44 / 195 / 47
Vault_LTDGEZA,47,TRX_USDT_S2UZ,USD Tether (Tron),0,2026-04-02T16:38:27.207Z,m / 44 / 195 / 47
Vault_LT7LVTW,46,BTC,Bitcoin,0,2026-04-02T16:36:46.527Z,m / 44 / 0 / 46
Vault_LT7LVTW,46,ETH,Ethereum,0,2026-04-02T16:36:49.867Z,m / 44 / 60 / 46
Vault_LT7LVTW,46,USDT_ERC20,Tether USD (Ethereum),0,2026-04-02T16:36:55.455Z,m / 44 / 60 / 46
Vault_LT7LVTW,46,TRX,Tron,0,2026-04-02T16:36:58.353Z,m / 44 / 195 / 46
Vault_LT7LVTW,46,TRX_USDT_S2UZ,USD Tether (Tron),0,2026-04-02T16:36:58.569Z,m / 44 / 195 / 46
Vault_LTUXEHR,45,USDT_ERC20,Tether USD (Ethereum),0,2026-04-01T21:02:46.545Z,m / 44 / 60 / 45
Vault_LTUXEHR,45,ETH,Ethereum,0,2026-04-01T21:02:46.627Z,m / 44 / 60 / 45
Vault_LTUXEHR,45,TRX,Tron,0,2026-04-01T21:02:49.874Z,m / 44 / 195 / 45
Vault_LTUXEHR,45,TRX_USDT_S2UZ,USD Tether (Tron),0,2026-04-01T21:02:50.077Z,m / 44 / 195 / 45
Vault_LTUXEHR,45,BTC,Bitcoin,0,2026-04-01T21:02:52.974Z,m / 44 / 0 / 45
Vault_LT4SRXW,44,USDT_ERC20,Tether USD (Ethereum),0,2026-04-01T19:03:03.842Z,m / 44 / 60 / 44
Vault_LT4SRXW,44,ETH,Ethereum,0,2026-04-01T19:03:04.034Z,m / 44 / 60 / 44
Vault_LT4SRXW,44,TRX,Tron,0,2026-04-01T19:03:07.615Z,m / 44 / 195 / 44
Vault_LT4SRXW,44,TRX_USDT_S2UZ,USD Tether (Tron),0,2026-04-01T19:03:07.856Z,m / 44 / 195 / 44
Vault_LT4SRXW,44,BTC,Bitcoin,0,2026-04-01T19:03:11.441Z,m / 44 / 0 / 44
Vault_LT1Q2CD,43,USDT_ERC20,Tether USD (Ethereum),0,2026-04-01T18:55:29.770Z,m / 44 / 60 / 43
Vault_LT1Q2CD,43,ETH,Ethereum,0,2026-04-01T18:55:29.915Z,m / 44 / 60 / 43
Vault_LT1Q2CD,43,TRX,Tron,0,2026-04-01T18:55:31.803Z,m / 44 / 195 / 43
Vault_LT1Q2CD,43,TRX_USDT_S2UZ,USD Tether (Tron),0,2026-04-01T18:55:31.969Z,m / 44 / 195 / 43
Vault_LT1Q2CD,43,BTC,Bitcoin,0,2026-04-01T18:55:35.241Z,m / 44 / 0 / 43
Vault_LT0CH02,42,USDT_ERC20,Tether USD (Ethereum),0,2026-04-01T18:47:24.265Z,m / 44 / 60 / 42
Vault_LT0CH02,42,ETH,Ethereum,0,2026-04-01T18:47:24.347Z,m / 44 / 60 / 42
Vault_LT2GLFZ,41,USDT_ERC20,Tether USD (Ethereum),0,2026-04-01T14:37:24.166Z,m / 44 / 60 / 41
Vault_LT2GLFZ,41,ETH,Ethereum,0,2026-04-01T14:37:24.306Z,m / 44 / 60 / 41
Vault_LT2GLFZ,41,TRX,Tron,0,2026-04-01T14:37:28.078Z,m / 44 / 195 / 41
Vault_LT2GLFZ,41,TRX_USDT_S2UZ,USD Tether (Tron),0,2026-04-01T14:37:28.331Z,m / 44 / 195 / 41
Vault_LT2GLFZ,41,BTC,Bitcoin,0,2026-04-01T14:37:31.652Z,m / 44 / 0 / 41
Lume Development,40,USDT_ERC20,Tether USD (Ethereum),50,2026-03-31T23:31:28.120Z,m / 44 / 60 / 40
Lume Development,40,ETH,Ethereum,0.004980983821850066,2026-03-31T23:31:24.861Z,m / 44 / 60 / 40
Lume Development,40,TRX,Tron,143.571503,2026-03-31T15:46:26.672Z,m / 44 / 195 / 40
Lume Development,40,TRX_USDT_S2UZ,USD Tether (Tron),50,2026-03-31T15:45:43.193Z,m / 44 / 195 / 40
Vault_LTN7OW0,39,BTC,Bitcoin,0,2026-03-30T18:57:33.884Z,m / 44 / 0 / 39
Vault_LTN7OW0,39,ETH,Ethereum,0,2026-03-30T18:57:37.270Z,m / 44 / 60 / 39
Vault_LTN7OW0,39,USDT_ERC20,Tether USD (Ethereum),0,2026-03-30T18:57:44.289Z,m / 44 / 60 / 39
Vault_LTN7OW0,39,TRX,Tron,0,2026-03-30T18:57:47.483Z,m / 44 / 195 / 39
Vault_LTN7OW0,39,TRX_USDT_S2UZ,USD Tether (Tron),0,2026-03-30T18:57:47.724Z,m / 44 / 195 / 39
Vault_LTYJ1XB,38,BTC,Bitcoin,0,2026-03-30T18:57:15.817Z,m / 44 / 0 / 38
Vault_LTYJ1XB,38,ETH,Ethereum,0,2026-03-30T18:57:18.891Z,m / 44 / 60 / 38
Vault_LTYJ1XB,38,USDT_ERC20,Tether USD (Ethereum),0,2026-03-30T18:57:21.908Z,m / 44 / 60 / 38
Vault_LTYJ1XB,38,TRX,Tron,0,2026-03-30T18:57:25.316Z,m / 44 / 195 / 38
Vault_LTYJ1XB,38,TRX_USDT_S2UZ,USD Tether (Tron),0,2026-03-30T18:57:28.860Z,m / 44 / 195 / 38
Vault_LTA0K18,37,BTC,Bitcoin,0,2026-03-30T18:56:59.124Z,m / 44 / 0 / 37
Vault_LTA0K18,37,ETH,Ethereum,0,2026-03-30T18:57:02.915Z,m / 44 / 60 / 37
Vault_LTA0K18,37,USDT_ERC20,Tether USD (Ethereum),0,2026-03-30T18:57:07.414Z,m / 44 / 60 / 37
Vault_LTA0K18,37,TRX,Tron,0,2026-03-30T18:57:10.482Z,m / 44 / 195 / 37
Vault_LTA0K18,37,TRX_USDT_S2UZ,USD Tether (Tron),0,2026-03-30T18:57:10.683Z,m / 44 / 195 / 37
Vault_LTCXZ0N,36,ETH,Ethereum,0,2026-03-30T07:07:18.847Z,m / 44 / 60 / 36
Vault_LTCXYIS,35,BTC,Bitcoin,0,2026-04-01T20:26:49.063Z,m / 44 / 0 / 35
Vault_LTCXYIS,35,ETH,Ethereum,0,2026-04-01T19:11:28.214Z,m / 44 / 60 / 35
Vault_LTCXYIS,35,USDT_ERC20,Tether USD (Ethereum),36,2026-04-01T19:11:32.103Z,m / 44 / 60 / 35
Vault_LTCXYIS,35,TRX,Tron,0,2026-03-28T14:28:11.394Z,m / 44 / 195 / 35
Vault_LTCXYIS,35,TRX_USDT_S2UZ,USD Tether (Tron),0,2026-03-28T14:28:11.666Z,m / 44 / 195 / 35
Vault_LTCXYIS,35,USDC,USD Coin,0,2026-04-01T09:01:31.098Z,m / 44 / 60 / 35
Vault_LTCXYIS,35,SOL,Solana,0,2026-04-01T19:32:31.216Z,m / 44 / 501 / 35
Vault_LTCXYIS,35,XRP,XRP (Ripple),0,2026-04-01T19:33:14.675Z,m / 44 / 144 / 35
Vault_LTQ9D5X,34,BTC,Bitcoin,0,2026-03-28T11:22:36.618Z,m / 44 / 0 / 34
Vault_LTQ9D5X,34,ETH,Ethereum,0,2026-04-01T16:28:40.098Z,m / 44 / 60 / 34
Vault_LTQ9D5X,34,USDT_ERC20,Tether USD (Ethereum),2,2026-04-01T16:28:46.546Z,m / 44 / 60 / 34
Vault_LTQ9D5X,34,TRX,Tron,0,2026-03-28T11:22:44.502Z,m / 44 / 195 / 34
Vault_LTQ9D5X,34,TRX_USDT_S2UZ,USD Tether (Tron),0,2026-03-28T11:22:44.966Z,m / 44 / 195 / 34
Vault_LTQ9D5X,34,SOL,Solana,0,2026-04-01T19:33:22.571Z,m / 44 / 501 / 34
Vault_LTQ9D5X,34,XRP,XRP (Ripple),0,2026-04-01T19:33:24.203Z,m / 44 / 144 / 34
Vault_LTRPBPJ,33,BTC,Bitcoin,0,2026-03-28T07:44:10.169Z,m / 44 / 0 / 33
Vault_LTRPBPJ,33,ETH,Ethereum,0,2026-03-28T07:44:13.193Z,m / 44 / 60 / 33
Vault_LTRPBPJ,33,USDT_ERC20,Tether USD (Ethereum),0,2026-03-28T07:44:16.066Z,m / 44 / 60 / 33
Vault_LTRPBPJ,33,TRX,Tron,0,2026-03-28T07:44:19.651Z,m / 44 / 195 / 33
Vault_LTRPBPJ,33,TRX_USDT_S2UZ,USD Tether (Tron),0,2026-03-28T07:44:19.644Z,m / 44 / 195 / 33
Vault_LTQO32W,32,BTC,Bitcoin,0,2026-03-28T07:29:17.301Z,m / 44 / 0 / 32
Vault_LTQO32W,32,ETH,Ethereum,0,2026-03-28T07:29:20.394Z,m / 44 / 60 / 32
Vault_LTQO32W,32,USDT_ERC20,Tether USD (Ethereum),0,2026-03-28T07:29:23.391Z,m / 44 / 60 / 32
Vault_LTQO32W,32,TRX,Tron,0,2026-03-28T07:29:26.477Z,m / 44 / 195 / 32
Vault_LTQO32W,32,TRX_USDT_S2UZ,USD Tether (Tron),0,2026-03-28T07:29:26.621Z,m / 44 / 195 / 32
Vault_LTDJVFA,31,BTC,Bitcoin,0,2026-03-26T19:30:22.933Z,m / 44 / 0 / 31
Vault_LTDJVFA,31,ETH,Ethereum,0,2026-03-26T19:30:25.794Z,m / 44 / 60 / 31
Vault_LTDJVFA,31,USDT_ERC20,Tether USD (Ethereum),0,2026-03-26T19:30:28.681Z,m / 44 / 60 / 31
Vault_LTDJVFA,31,TRX,Tron,0,2026-03-26T19:30:31.344Z,m / 44 / 195 / 31
Vault_LTDJVFA,31,TRX_USDT_S2UZ,USD Tether (Tron),0,2026-03-26T19:30:31.511Z,m / 44 / 195 / 31
Vault_LTFSXRI,30,BTC,Bitcoin,0,2026-03-26T12:47:17.838Z,m / 44 / 0 / 30
Vault_LTFSXRI,30,ETH,Ethereum,0,2026-03-26T12:47:20.844Z,m / 44 / 60 / 30
Vault_LTFSXRI,30,USDT_ERC20,Tether USD (Ethereum),0,2026-03-26T12:47:23.441Z,m / 44 / 60 / 30
Vault_LTFSXRI,30,TRX,Tron,0,2026-03-26T12:47:25.945Z,m / 44 / 195 / 30
Vault_LTFSXRI,30,TRX_USDT_S2UZ,USD Tether (Tron),0,2026-03-26T12:47:26.204Z,m / 44 / 195 / 30
Vault_LTR83RF,29,BTC,Bitcoin,0,2026-03-26T12:34:48.116Z,m / 44 / 0 / 29
Vault_LTR83RF,29,ETH,Ethereum,0,2026-03-26T12:34:51.016Z,m / 44 / 60 / 29
Vault_LTR83RF,29,USDT_ERC20,Tether USD (Ethereum),0,2026-03-26T12:34:57.335Z,m / 44 / 60 / 29
Vault_LTR83RF,29,TRX,Tron,0,2026-03-26T12:35:02.740Z,m / 44 / 195 / 29
Vault_LTR83RF,29,TRX_USDT_S2UZ,USD Tether (Tron),0,2026-03-26T12:35:03.914Z,m / 44 / 195 / 29
Vault_LTSFV5J,28,BTC,Bitcoin,0,2026-03-26T12:32:21.432Z,m / 44 / 0 / 28
Vault_LTSFV5J,28,ETH,Ethereum,0,2026-03-26T12:32:24.092Z,m / 44 / 60 / 28
Vault_LTSFV5J,28,USDT_ERC20,Tether USD (Ethereum),0,2026-03-26T12:32:26.904Z,m / 44 / 60 / 28
Vault_LTSFV5J,28,TRX,Tron,0,2026-03-26T12:32:29.516Z,m / 44 / 195 / 28
Vault_LTSFV5J,28,TRX_USDT_S2UZ,USD Tether (Tron),0,2026-03-26T12:32:29.751Z,m / 44 / 195 / 28
Vault_LTXCXZ6,27,BTC,Bitcoin,0,2026-03-26T12:08:27.247Z,m / 44 / 0 / 27
Vault_LTXCXZ6,27,ETH,Ethereum,0,2026-03-26T12:08:30.008Z,m / 44 / 60 / 27
Vault_LTXCXZ6,27,USDT_ERC20,Tether USD (Ethereum),0,2026-03-26T12:08:32.879Z,m / 44 / 60 / 27
Vault_LTXCXZ6,27,TRX,Tron,0,2026-03-26T12:08:35.540Z,m / 44 / 195 / 27
Vault_LTXCXZ6,27,TRX_USDT_S2UZ,USD Tether (Tron),0,2026-03-26T12:08:35.774Z,m / 44 / 195 / 27
Vault_LTYJBRD,26,BTC,Bitcoin,0,2026-03-26T11:03:08.326Z,m / 44 / 0 / 26
Vault_LTYJBRD,26,ETH,Ethereum,0,2026-03-26T11:03:11.172Z,m / 44 / 60 / 26
Vault_LTYJBRD,26,USDT_ERC20,Tether USD (Ethereum),0,2026-03-26T11:03:13.804Z,m / 44 / 60 / 26
Vault_LTYJBRD,26,TRX,Tron,0,2026-03-26T11:03:16.627Z,m / 44 / 195 / 26
Vault_LTYJBRD,26,TRX_USDT_S2UZ,USD Tether (Tron),0,2026-03-26T11:03:16.815Z,m / 44 / 195 / 26
Vault_LTMCI4Z,25,BTC,Bitcoin,0,2026-03-26T09:06:30.741Z,m / 44 / 0 / 25
Vault_LTMCI4Z,25,ETH,Ethereum,0,2026-03-26T09:06:33.456Z,m / 44 / 60 / 25
Vault_LTMCI4Z,25,USDT_ERC20,Tether USD (Ethereum),0,2026-03-26T09:06:36.029Z,m / 44 / 60 / 25
Vault_LTMCI4Z,25,TRX,Tron,0,2026-03-26T09:06:38.467Z,m / 44 / 195 / 25
Vault_LTMCI4Z,25,TRX_USDT_S2UZ,USD Tether (Tron),0,2026-03-26T09:06:38.686Z,m / 44 / 195 / 25
Vault_LTRI1XK,24,BTC,Bitcoin,0,2026-03-26T08:39:52.139Z,m / 44 / 0 / 24
Vault_LTRI1XK,24,ETH,Ethereum,0,2026-03-26T08:39:55.762Z,m / 44 / 60 / 24
Vault_LTRI1XK,24,USDT_ERC20,Tether USD (Ethereum),0,2026-03-26T08:39:58.766Z,m / 44 / 60 / 24
Vault_LTRI1XK,24,TRX,Tron,0,2026-03-26T08:40:01.577Z,m / 44 / 195 / 24
Vault_LTRI1XK,24,TRX_USDT_S2UZ,USD Tether (Tron),0,2026-03-26T08:40:01.800Z,m / 44 / 195 / 24
Vault_LTGKP9Y,23,BTC,Bitcoin,0,2026-03-26T08:39:16.180Z,m / 44 / 0 / 23
Vault_LTGKP9Y,23,ETH,Ethereum,0,2026-03-26T08:39:18.933Z,m / 44 / 60 / 23
Vault_LTGKP9Y,23,USDT_ERC20,Tether USD (Ethereum),0,2026-03-26T08:39:21.801Z,m / 44 / 60 / 23
Vault_LTGKP9Y,23,TRX,Tron,0,2026-03-26T08:39:24.514Z,m / 44 / 195 / 23
Vault_LTGKP9Y,23,TRX_USDT_S2UZ,USD Tether (Tron),0,2026-03-26T08:39:24.750Z,m / 44 / 195 / 23
Vault_LTGKP9Y,23,USDC,USD Coin,0,2026-04-01T23:17:21.457Z,m / 44 / 60 / 23
Vault_LTO4QTT,22,BTC,Bitcoin,0,2026-03-25T15:31:10.774Z,m / 44 / 0 / 22
Vault_LTO4QTT,22,ETH,Ethereum,0,2026-03-25T15:31:13.898Z,m / 44 / 60 / 22
Vault_LTO4QTT,22,USDT_ERC20,Tether USD (Ethereum),0,2026-03-25T15:31:17.187Z,m / 44 / 60 / 22
Vault_LTO4QTT,22,TRX_USDT_S2UZ,USD Tether (Tron),0,2026-03-25T15:31:23.657Z,m / 44 / 195 / 22
Vault_LTO4QTT,22,TRX,Tron,0,2026-03-25T15:31:23.656Z,m / 44 / 195 / 22
Vault_LT6JCLG,21,BTC,Bitcoin,0,2026-03-25T14:59:29.812Z,m / 44 / 0 / 21
Vault_LT6JCLG,21,ETH,Ethereum,0,2026-03-25T14:59:33.371Z,m / 44 / 60 / 21
Vault_LT6JCLG,21,USDT_ERC20,Tether USD (Ethereum),0,2026-03-25T14:59:36.425Z,m / 44 / 60 / 21
Vault_LT6JCLG,21,TRX,Tron,0,2026-03-25T14:59:39.763Z,m / 44 / 195 / 21
Vault_LT6JCLG,21,TRX_USDT_S2UZ,USD Tether (Tron),0,2026-03-25T14:59:40.027Z,m / 44 / 195 / 21
Vault_LTYKS97,20,BTC,Bitcoin,0,2026-03-25T12:16:15.192Z,m / 44 / 0 / 20
Vault_LTYKS97,20,ETH,Ethereum,0,2026-03-25T12:16:18.578Z,m / 44 / 60 / 20
Vault_LTYKS97,20,USDT_ERC20,Tether USD (Ethereum),0,2026-03-25T12:16:21.681Z,m / 44 / 60 / 20
Vault_LTYKS97,20,TRX,Tron,0,2026-03-25T12:16:24.762Z,m / 44 / 195 / 20
Vault_LTYKS97,20,TRX_USDT_S2UZ,USD Tether (Tron),0,2026-03-25T12:16:25.049Z,m / 44 / 195 / 20
Vault_LTES20A,19,BTC,Bitcoin,0,2026-03-25T08:24:50.125Z,m / 44 / 0 / 19
Vault_LTES20A,19,ETH,Ethereum,0,2026-03-25T08:24:54.468Z,m / 44 / 60 / 19
Vault_LTES20A,19,USDT_ERC20,Tether USD (Ethereum),0,2026-03-25T08:24:59.601Z,m / 44 / 60 / 19
Vault_LTES20A,19,TRX,Tron,0,2026-03-25T08:25:02.944Z,m / 44 / 195 / 19
Vault_LTES20A,19,TRX_USDT_S2UZ,USD Tether (Tron),0,2026-03-25T08:25:03.177Z,m / 44 / 195 / 19
Vault_LT8E97S,18,BTC,Bitcoin,0,2026-03-24T20:51:47.546Z,m / 44 / 0 / 18
Vault_LT8E97S,18,ETH,Ethereum,0,2026-03-24T20:51:50.856Z,m / 44 / 60 / 18
Vault_LT8E97S,18,USDT_ERC20,Tether USD (Ethereum),0,2026-03-24T20:51:53.941Z,m / 44 / 60 / 18
Vault_LT8E97S,18,TRX,Tron,0,2026-03-24T20:52:00.818Z,m / 44 / 195 / 18
Vault_LT8E97S,18,TRX_USDT_S2UZ,USD Tether (Tron),0,2026-03-24T20:52:01.023Z,m / 44 / 195 / 18
Vault_LTM3TT3,17,BTC,Bitcoin,0,2026-03-24T20:49:30.694Z,m / 44 / 0 / 17
Vault_LTM3TT3,17,ETH,Ethereum,0,2026-03-24T20:49:33.729Z,m / 44 / 60 / 17
Vault_LTM3TT3,17,USDT_ERC20,Tether USD (Ethereum),0,2026-03-24T20:49:37.397Z,m / 44 / 60 / 17
Vault_LTM3TT3,17,TRX,Tron,0,2026-03-24T20:49:40.446Z,m / 44 / 195 / 17
Vault_LTM3TT3,17,TRX_USDT_S2UZ,USD Tether (Tron),0,2026-03-24T20:49:41.671Z,m / 44 / 195 / 17
Vault_LT569JV,16,BTC,Bitcoin,0,2026-03-24T15:12:14.906Z,m / 44 / 0 / 16
Vault_LT569JV,16,ETH,Ethereum,0,2026-03-24T15:12:18.183Z,m / 44 / 60 / 16
Vault_LT569JV,16,USDT_ERC20,Tether USD (Ethereum),0,2026-03-24T15:12:21.916Z,m / 44 / 60 / 16
Vault_LT569JV,16,TRX,Tron,0,2026-03-24T15:12:26.364Z,m / 44 / 195 / 16
Vault_LT569JV,16,TRX_USDT_S2UZ,USD Tether (Tron),0,2026-03-24T15:12:25.138Z,m / 44 / 195 / 16
Vault_LTNIFG0,15,BTC,Bitcoin,0,2026-03-24T15:00:32.092Z,m / 44 / 0 / 15
Vault_LTNIFG0,15,ETH,Ethereum,0,2026-03-24T15:00:35.430Z,m / 44 / 60 / 15
Vault_LTNIFG0,15,USDT_ERC20,Tether USD (Ethereum),0,2026-03-24T15:00:38.437Z,m / 44 / 60 / 15
Vault_LTNIFG0,15,TRX,Tron,0,2026-03-24T15:00:41.793Z,m / 44 / 195 / 15
Vault_LTNIFG0,15,TRX_USDT_S2UZ,USD Tether (Tron),0,2026-03-24T15:00:41.749Z,m / 44 / 195 / 15
Vault_LTR00AX,14,BTC,Bitcoin,0,2026-03-23T20:34:31.105Z,m / 44 / 0 / 14
Vault_LTR00AX,14,ETH,Ethereum,0,2026-03-23T20:34:34.045Z,m / 44 / 60 / 14
Vault_LTR00AX,14,USDT_ERC20,Tether USD (Ethereum),0,2026-03-23T20:34:37.046Z,m / 44 / 60 / 14
Vault_LTR00AX,14,TRX,Tron,0,2026-03-23T20:34:39.786Z,m / 44 / 195 / 14
Vault_LTR00AX,14,TRX_USDT_S2UZ,USD Tether (Tron),0,2026-03-23T20:34:40.015Z,m / 44 / 195 / 14
Vault_LM4Z7YJMHU,13,TRX,Tron,0,2026-02-18T12:58:39.909Z,m / 44 / 195 / 13
Vault_LM4Z7YJMHU,13,SOL,Solana,0,2026-02-18T13:01:02.476Z,m / 44 / 501 / 13
Vault_LM4Z7YJMHU,13,XRP,XRP (Ripple),0,2026-02-18T13:01:40.011Z,m / 44 / 144 / 13
Vault_LM4Z7YJMHU,13,ETH,Ethereum,0,2026-02-18T13:06:55.292Z,m / 44 / 60 / 13
Vault_LM4Z7YJMHU,13,BTC,Bitcoin,0,2026-02-18T13:07:11.458Z,m / 44 / 0 / 13
Vault_LMQG2ZMQRS,12,USDT_ERC20,Tether USD (Ethereum),1.000693,2026-04-05T02:14:53.650Z,m / 44 / 60 / 12
Vault_LMQG2ZMQRS,12,ETH,Ethereum,0.00245323329006953,2026-04-06T08:12:52.015Z,m / 44 / 60 / 12
Vault_LMQG2ZMQRS,12,BASECHAIN_ETH,Ethereum (Base),0,2026-04-01T11:11:23.550Z,m / 44 / 60 / 12
Vault_LMQG2ZMQRS,12,TRX,Tron,0,2026-04-02T08:12:41.537Z,m / 44 / 195 / 12
Vault_LMQG2ZMQRS,12,TRX_USDT_S2UZ,USD Tether (Tron),0,2026-04-02T08:12:41.747Z,m / 44 / 195 / 12
Vault_LMQG2ZMQRS,12,BTC,Bitcoin,0,2026-04-02T08:12:44.589Z,m / 44 / 0 / 12
Vault_LMQG2ZMQRS,12,HEX,HEX,1,2026-04-03T02:36:35.610Z,m / 44 / 60 / 12
Vault_LMT76ZJ25R,11,BTC,Bitcoin,0.00004628,2026-02-12T08:36:13.189Z,m / 44 / 0 / 11
Vault_LMT76ZJ25R,11,USDT_ERC20,Tether USD (Ethereum),0,2026-02-12T07:48:51.525Z,m / 44 / 60 / 11
Vault_LMT76ZJ25R,11,ETH,Ethereum,0.00096113,2026-02-12T08:24:04.352Z,m / 44 / 60 / 11
Vault_LMT76ZJ25R,11,TRX,Tron,0,2026-02-12T07:49:18.886Z,m / 44 / 195 / 11
Vault_LMT76ZJ25R,11,TRX_USDT_S2UZ,USD Tether (Tron),0,2026-02-12T07:49:19.146Z,m / 44 / 195 / 11
Lakeside FX (LFX812),10,TRX,Tron,0,2026-02-10T11:55:12.314Z,m / 44 / 195 / 10
Lakeside FX (LFX812),10,TRX_USDT_S2UZ,USD Tether (Tron),0,2026-02-10T11:55:12.254Z,m / 44 / 195 / 10
Lakeside FX (LFX812),10,USDT_ERC20,Tether USD (Ethereum),0,2026-02-10T11:55:34.272Z,m / 44 / 60 / 10
Lakeside FX (LFX812),10,ETH,Ethereum,0,2026-02-10T11:55:34.420Z,m / 44 / 60 / 10
Lume MM,9,TRX,Tron,3.143017,2026-02-26T09:26:16.954Z,m / 44 / 195 / 9
Lume MM,9,TRX_USDT_S2UZ,USD Tether (Tron),12040,2026-02-26T09:25:10.573Z,m / 44 / 195 / 9
Vault_LM724886NN,8,USDT_ERC20,Tether USD (Ethereum),0,2026-01-31T07:07:58.838Z,m / 44 / 60 / 8
Vault_LM724886NN,8,ETH,Ethereum,0,2026-01-31T07:07:58.893Z,m / 44 / 60 / 8
Vault_LM724886NN,8,TRX,Tron,0,2026-01-31T07:08:04.391Z,m / 44 / 195 / 8
Vault_LM724886NN,8,TRX_USDT_S2UZ,USD Tether (Tron),0,2026-01-31T07:08:04.594Z,m / 44 / 195 / 8
Vault_LM724886NN,8,BTC,Bitcoin,0,2026-01-31T07:09:07.437Z,m / 44 / 0 / 8
Vault_LMABA2UE4F,7,USDT_ERC20,Tether USD (Ethereum),0,2026-01-30T13:45:39.317Z,m / 44 / 60 / 7
Vault_LMABA2UE4F,7,ETH,Ethereum,0,2026-01-30T13:45:39.494Z,m / 44 / 60 / 7
Vault_LMPGYGU99P,6,ETH,Ethereum,0,2026-01-29T09:37:26.531Z,m / 44 / 60 / 6
Vault_LMPGYGU99P,6,USDT_ERC20,Tether USD (Ethereum),0,2026-02-06T13:42:51.443Z,m / 44 / 60 / 6
Vault_LMY8H2EBDE,5,USDT_ERC20,Tether USD (Ethereum),0,2026-01-26T14:00:34.967Z,m / 44 / 60 / 5
Vault_LMY8H2EBDE,5,ETH,Ethereum,0,2026-01-26T14:00:35.063Z,m / 44 / 60 / 5
Vault_LMY8H2EBDE,5,BTC,Bitcoin,0,2026-01-26T14:14:52.261Z,m / 44 / 0 / 5
Vault_LMMMD99UVH,4,USDT_ERC20,Tether USD (Ethereum),22,2026-04-03T11:08:02.907Z,m / 44 / 60 / 4
Vault_LMMMD99UVH,4,ETH,Ethereum,0,2026-04-03T11:07:52.042Z,m / 44 / 60 / 4
Vault_LMMMD99UVH,4,TRX,Tron,0,2026-01-26T12:01:02.694Z,m / 44 / 195 / 4
Vault_LMMMD99UVH,4,TRX_USDT_S2UZ,USD Tether (Tron),10,2026-01-26T12:17:30.986Z,m / 44 / 195 / 4
Vault_LMMMD99UVH,4,USDC,USD Coin,0,2026-02-12T07:11:09.124Z,m / 44 / 60 / 4
Vault_LMMMD99UVH,4,BTC,Bitcoin,0,2026-04-02T10:29:59.997Z,m / 44 / 0 / 4
Vault_LMGCN2ERSD,3,USDT_ERC20,Tether USD (Ethereum),28,2026-02-03T10:01:43.228Z,m / 44 / 60 / 3
Vault_LMGCN2ERSD,3,ETH,Ethereum,0.00000260146845,2026-02-03T10:01:41.234Z,m / 44 / 60 / 3
Vault_LMGCN2ERSD,3,TRX,Tron,0,2026-01-23T15:09:30.171Z,m / 44 / 195 / 3
Vault_LMGCN2ERSD,3,TRX_USDT_S2UZ,USD Tether (Tron),26,2026-01-26T08:58:23.501Z,m / 44 / 195 / 3
Vault_LMGCN2ERSD,3,BTC,Bitcoin,0,2026-01-23T15:09:29.988Z,m / 44 / 0 / 3
Vault_LMGCN2ERSD,3,SOL,Solana,0,2026-04-02T12:11:52.678Z,m / 44 / 501 / 3
Vault_LMGCN2ERSD,3,XRP,XRP (Ripple),0,2026-04-02T21:43:19.981Z,m / 44 / 144 / 3
Lume Trade Withdraw Pool,2,BTC,Bitcoin,0.00020168,2026-04-01T20:26:49.071Z,m / 44 / 0 / 2
Lume Trade Withdraw Pool,2,ETH,Ethereum,0.012305020087050829,2026-04-06T13:35:06.684Z,m / 44 / 60 / 2
Lume Trade Withdraw Pool,2,SOL,Solana,0,2026-03-11T11:28:54.671Z,m / 44 / 501 / 2
Lume Trade Withdraw Pool,2,TRX,Tron,284.480127,2026-04-06T11:40:42.050Z,m / 44 / 195 / 2
Lume Trade Withdraw Pool,2,XRP,XRP (Ripple),0,2026-03-11T11:28:53.635Z,m / 44 / 144 / 2
Lume Trade Withdraw Pool,2,USDT_ERC20,Tether USD (Ethereum),4300.750408,2026-04-06T13:35:15.625Z,m / 44 / 60 / 2
Lume Trade Withdraw Pool,2,TRX_USDT_S2UZ,USD Tether (Tron),100726.70194,2026-04-06T08:43:29.372Z,m / 44 / 195 / 2
Lume Trade Withdraw Pool,2,USDC,USD Coin,0,2026-04-06T13:35:06.697Z,m / 44 / 60 / 2
Lume Trade Withdraw Pool,2,BASECHAIN_ETH,Ethereum (Base),0,2026-04-01T11:15:32.950Z,m / 44 / 60 / 2
Lume Trade Withdraw Pool,2,HEX,HEX,1,2026-04-03T01:06:14.444Z,m / 44 / 60 / 2
Lakeside Treasury,1,USDT_ERC20,Tether USD (Ethereum),346.093809,2026-04-04T07:12:05.628Z,m / 44 / 60 / 1
Lakeside Treasury,1,ETH,Ethereum,0.01040261800642646,2026-04-04T07:15:00.703Z,m / 44 / 60 / 1
Lakeside Treasury,1,TRX,Tron,222.356668,2026-04-05T14:38:38.042Z,m / 44 / 195 / 1
Lakeside Treasury,1,TRX_USDT_S2UZ,USD Tether (Tron),1113720.021082,2026-04-05T08:30:38.280Z,m / 44 / 195 / 1
Lakeside Treasury,1,MATIC_POLYGON,Matic Gas Token (Polygon),0,2026-04-04T07:12:45.482Z,m / 44 / 60 / 1
Lakeside Treasury,1,BASECHAIN_ETH,Ethereum (Base),0,2026-04-04T07:21:14.163Z,m / 44 / 60 / 1
Lakeside Treasury,1,HEX,HEX,1,2026-04-03T13:36:15.867Z,m / 44 / 60 / 1
Lume Trade Treasury,0,BTC,Bitcoin,0,2026-03-19T09:02:44.431Z,m / 44 / 0 / 0
Lume Trade Treasury,0,ETH,Ethereum,0.00228710763451928,2026-04-06T08:12:50.341Z,m / 44 / 60 / 0
Lume Trade Treasury,0,USDT_ERC20,Tether USD (Ethereum),51.864121,2026-04-04T17:44:12.976Z,m / 44 / 60 / 0
Lume Trade Treasury,0,TRX,Tron,45.112412,2026-04-06T08:42:13.718Z,m / 44 / 195 / 0
Lume Trade Treasury,0,TRX_USDT_S2UZ,USD Tether (Tron),553873.422076,2026-04-06T08:40:21.652Z,m / 44 / 195 / 0
Lume Trade Treasury,0,BASECHAIN_ETH,Ethereum (Base),0.000000002,2026-04-04T17:39:34.912Z,m / 44 / 60 / 0
Lume Trade Treasury,0,MATIC_POLYGON,Matic Gas Token (Polygon),0,2026-04-02T13:14:30.494Z,m / 44 / 60 / 0
Lume Trade Treasury,0,ETH-AETH,Ethereum (Arbitrum),0,2026-03-19T09:02:44.483Z,m / 44 / 60 / 0
Lume Trade Treasury,0,USDT_ARB,Tether USD (Arbitrum),0.007,2026-03-19T09:02:44.567Z,m / 44 / 60 / 0
Lume Trade Treasury,0,HEX,HEX,1,2026-04-03T01:06:04.446Z,m / 44 / 60 / 0
